{
  "resourceType": "Observation",
  "id": "ISiKAtemfrequenzExample",
  "meta": {
    "profile": [
      "http://hl7.org/fhir/StructureDefinition/resprate",
      "http://fhir.de/StructureDefinition/observation-de-vitalsign-atemfrequenz",
      "https://gematik.de/fhir/ISiK/v2/StructureDefinition/ISiKAtemfrequenz"
    ]
  },
  "category": [
    {
      "coding": [
        {
          "system": "http://terminology.hl7.org/CodeSystem/observation-category",
          "code": "vital-signs",
          "display": "Vital Signs"
        }
      ],
      "text": "Vital Signs"
    }
  ],
  "code": {
    "coding": [
      {
        "system": "http://loinc.org",
        "code": "9279-1",
        "display": "Respiratory rate"
      }
    ],
    "text": "Atemfrequenz"
  },
  "valueQuantity": {
    "system": "http://unitsofmeasure.org",
    "code": "/min",
    "value": 26,
    "unit": "Atemzüge pro Minute"
  },
  "status": "final",
  "subject": {
    "reference": "Patient/example"
  },
  "effectiveDateTime": "2019-07-02"
}
