{
  "resourceType": "Observation",
  "id": "ISiKBlutdruckExample",
  "meta": {
    "profile": [
      "http://fhir.de/StructureDefinition/observation-de-vitalsign-blutdruck",
      "https://gematik.de/fhir/ISiK/v2/StructureDefinition/ISiKBlutdruck"
    ]
  },
  "category": [
    {
      "coding": [
        {
          "system": "http://terminology.hl7.org/CodeSystem/observation-category",
          "code": "vital-signs",
          "display": "Vital Signs"
        }
      ]
    }
  ],
  "code": {
    "coding": [
      {
        "system": "http://loinc.org",
        "code": "85354-9",
        "display": "Blood pressure panel with all children optional"
      }
    ],
    "text": "Systolischer und Diastolischer Blutdruck"
  },
  "component": [
    {
      "code": {
        "coding": [
          {
            "system": "http://loinc.org",
            "code": "8480-6"
          }
        ]
      },
      "valueQuantity": {
        "system": "http://unitsofmeasure.org",
        "value": 107,
        "code": "mm[Hg]",
        "unit": "mmHg"
      }
    },
    {
      "code": {
        "coding": [
          {
            "system": "http://loinc.org",
            "code": "8462-4"
          }
        ]
      },
      "valueQuantity": {
        "system": "http://unitsofmeasure.org",
        "value": 60,
        "code": "mm[Hg]",
        "unit": "mmHg"
      }
    }
  ],
  "status": "final",
  "subject": {
    "reference": "Patient/example"
  },
  "effectiveDateTime": "2012-09-17",
  "performer": [
    {
      "reference": "Practitioner/example"
    }
  ],
  "interpretation": [
    {
      "coding": [
        {
          "code": "L",
          "system": "http://terminology.hl7.org/CodeSystem/v3-ObservationInterpretation",
          "display": "low"
        }
      ],
      "text": "Below low normal"
    }
  ],
  "bodySite": {
    "coding": [
      {
        "code": "368209003",
        "system": "http://snomed.info/sct",
        "display": "Right arm"
      }
    ]
  }
}
