{
  "resourceType": "StructureDefinition",
  "id": "ISiKKoerpergewicht",
  "url": "https://gematik.de/fhir/ISiK/v2/StructureDefinition/ISiKKoerpergewicht",
  "version": "2.0.0",
  "name": "ISiKKoerpergewicht",
  "status": "active",
  "experimental": false,
  "date": "2022-01-07",
  "publisher": "gematik GmbH",
  "fhirVersion": "4.0.1",
  "mapping": [
    {
      "identity": "workflow",
      "uri": "http://hl7.org/fhir/workflow",
      "name": "Workflow Pattern"
    },
    {
      "identity": "sct-concept",
      "uri": "http://snomed.info/conceptdomain",
      "name": "SNOMED CT Concept Domain Binding"
    },
    {
      "identity": "v2",
      "uri": "http://hl7.org/v2",
      "name": "HL7 v2 Mapping"
    },
    {
      "identity": "rim",
      "uri": "http://hl7.org/v3",
      "name": "RIM Mapping"
    },
    {
      "identity": "w5",
      "uri": "http://hl7.org/fhir/fivews",
      "name": "FiveWs Pattern Mapping"
    },
    {
      "identity": "sct-attr",
      "uri": "http://snomed.org/attributebinding",
      "name": "SNOMED CT Attribute Binding"
    }
  ],
  "kind": "resource",
  "abstract": false,
  "type": "Observation",
  "baseDefinition": "http://fhir.de/StructureDefinition/observation-de-vitalsign-koerpergewicht",
  "derivation": "constraint",
  "differential": {
    "element": [
      {
        "id": "Observation.status",
        "path": "Observation.status",
        "mustSupport": true
      },
      {
        "id": "Observation.category",
        "path": "Observation.category",
        "mustSupport": true
      },
      {
        "id": "Observation.category:vs-cat",
        "path": "Observation.category",
        "sliceName": "vs-cat",
        "mustSupport": true
      },
      {
        "id": "Observation.code",
        "path": "Observation.code",
        "mustSupport": true
      },
      {
        "id": "Observation.subject",
        "path": "Observation.subject",
        "mustSupport": true
      },
      {
        "id": "Observation.encounter",
        "path": "Observation.encounter",
        "mustSupport": true
      },
      {
        "id": "Observation.effective[x]",
        "path": "Observation.effective[x]",
        "mustSupport": true
      },
      {
        "id": "Observation.value[x]",
        "path": "Observation.value[x]",
        "mustSupport": true
      },
      {
        "id": "Observation.valueQuantity",
        "path": "Observation.valueQuantity",
        "mustSupport": true
      },
      {
        "id": "Observation.valueQuantity.value",
        "path": "Observation.valueQuantity.value",
        "mustSupport": true
      },
      {
        "id": "Observation.valueQuantity.unit",
        "path": "Observation.valueQuantity.unit",
        "mustSupport": true
      },
      {
        "id": "Observation.valueQuantity.system",
        "path": "Observation.valueQuantity.system",
        "mustSupport": true
      },
      {
        "id": "Observation.valueQuantity.code",
        "path": "Observation.valueQuantity.code",
        "mustSupport": true
      }
    ]
  }
}
