{
  "resourceType": "Observation",
  "id": "ISiKKoerpergewichtExample",
  "meta": {
    "profile": [
      "http://hl7.org/fhir/StructureDefinition/bodyweight",
      "http://fhir.de/StructureDefinition/observation-de-vitalsign-koerpergewicht",
      "https://gematik.de/fhir/ISiK/v2/StructureDefinition/ISiKKoerpergewicht"
    ]
  },
  "category": [
    {
      "coding": [
        {
          "system": "http://terminology.hl7.org/CodeSystem/observation-category",
          "code": "vital-signs"
        }
      ]
    }
  ],
  "valueQuantity": {
    "system": "http://unitsofmeasure.org",
    "value": 79,
    "code": "kg",
    "unit": "kilogram"
  },
  "status": "final",
  "code": {
    "coding": [
      {
        "code": "29463-7",
        "system": "http://loinc.org",
        "display": "Body weight"
      },
      {
        "code": "27113001",
        "system": "http://snomed.info/sct",
        "display": "Body weight"
      }
    ],
    "text": "Körpergewicht"
  },
  "subject": {
    "reference": "Patient/example"
  },
  "effectiveDateTime": "2020-10-11"
}
