{
  "resourceType": "StructureDefinition",
  "id": "ISiKEkg",
  "extension": [
    {
      "url": "http://hl7.org/fhir/StructureDefinition/structuredefinition-category",
      "valueString": "Clinical.Diagnostics"
    },
    {
      "url": "http://hl7.org/fhir/StructureDefinition/structuredefinition-security-category",
      "valueCode": "patient"
    }
  ],
  "url": "https://gematik.de/fhir/ISiK/v2/StructureDefinition/ISiKEkg",
  "version": "2.0.0",
  "name": "ISiKEkg",
  "status": "active",
  "experimental": false,
  "date": "2022-01-07",
  "publisher": "gematik GmbH",
  "fhirVersion": "4.0.1",
  "mapping": [
    {
      "identity": "workflow",
      "uri": "http://hl7.org/fhir/workflow",
      "name": "Workflow Pattern"
    },
    {
      "identity": "sct-concept",
      "uri": "http://snomed.info/conceptdomain",
      "name": "SNOMED CT Concept Domain Binding"
    },
    {
      "identity": "v2",
      "uri": "http://hl7.org/v2",
      "name": "HL7 v2 Mapping"
    },
    {
      "identity": "rim",
      "uri": "http://hl7.org/v3",
      "name": "RIM Mapping"
    },
    {
      "identity": "w5",
      "uri": "http://hl7.org/fhir/fivews",
      "name": "FiveWs Pattern Mapping"
    },
    {
      "identity": "sct-attr",
      "uri": "http://snomed.org/attributebinding",
      "name": "SNOMED CT Attribute Binding"
    }
  ],
  "kind": "resource",
  "abstract": false,
  "type": "Observation",
  "baseDefinition": "http://fhir.de/StructureDefinition/observation-de-ekg",
  "derivation": "constraint",
  "differential": {
    "element": [
      {
        "id": "Observation.status",
        "path": "Observation.status",
        "mustSupport": true
      },
      {
        "id": "Observation.category",
        "path": "Observation.category",
        "mustSupport": true
      },
      {
        "id": "Observation.code",
        "path": "Observation.code",
        "mustSupport": true
      },
      {
        "id": "Observation.subject",
        "path": "Observation.subject",
        "mustSupport": true
      },
      {
        "id": "Observation.effective[x]",
        "path": "Observation.effective[x]",
        "mustSupport": true
      },
      {
        "id": "Observation.device",
        "path": "Observation.device",
        "mustSupport": true
      },
      {
        "id": "Observation.component",
        "path": "Observation.component",
        "mustSupport": true
      },
      {
        "id": "Observation.component.code",
        "path": "Observation.component.code",
        "mustSupport": true
      },
      {
        "id": "Observation.component.value[x]",
        "path": "Observation.component.value[x]",
        "slicing": {
          "discriminator": [
            {
              "type": "type",
              "path": "$this"
            }
          ],
          "ordered": false,
          "rules": "open"
        },
        "mustSupport": true
      },
      {
        "id": "Observation.component.valueSampledData",
        "path": "Observation.component.valueSampledData",
        "min": 1,
        "max": "1",
        "mustSupport": true
      },
      {
        "id": "Observation.component.valueSampledData.origin",
        "path": "Observation.component.valueSampledData.origin",
        "mustSupport": true
      },
      {
        "id": "Observation.component.valueSampledData.period",
        "path": "Observation.component.valueSampledData.period",
        "mustSupport": true
      },
      {
        "id": "Observation.component.valueSampledData.dimensions",
        "path": "Observation.component.valueSampledData.dimensions",
        "mustSupport": true
      },
      {
        "id": "Observation.component.valueSampledData.data",
        "path": "Observation.component.valueSampledData.data",
        "mustSupport": true
      }
    ]
  }
}
